Datetime,Water Level (m)
2025-11-08 06:00:00,0.3283542
2025-11-08 07:00:00,0.9065075
2025-11-08 08:00:00,1.2069978
2025-11-08 09:00:00,1.3674072
2025-11-08 10:00:00,1.2020304
2025-11-08 11:00:00,0.69728345
2025-11-08 12:00:00,0.11645839
2025-11-08 13:00:00,-0.5337361
2025-11-08 14:00:00,-1.1067314
2025-11-08 15:00:00,-1.5426762
2025-11-08 16:00:00,-1.4480888
2025-11-08 17:00:00,-0.3527706
2025-11-08 18:00:00,0.5219143
2025-11-08 19:00:00,1.246464
2025-11-08 20:00:00,1.6679724
2025-11-08 21:00:00,1.8808696
2025-11-08 22:00:00,1.7596353
2025-11-08 23:00:00,1.3059508
2025-11-09 00:00:00,0.643729
2025-11-09 01:00:00,0.0044529443
2025-11-09 02:00:00,-0.64902747
2025-11-09 03:00:00,-1.2068367
2025-11-09 04:00:00,-1.5347213
2025-11-09 05:00:00,-1.2016892
2025-11-09 06:00:00,-0.27928612
2025-11-09 07:00:00,0.44213074
2025-11-09 08:00:00,0.9455532
2025-11-09 09:00:00,1.2035131
2025-11-09 10:00:00,1.3052211
2025-11-09 11:00:00,1.0627939
2025-11-09 12:00:00,0.55603
2025-11-09 13:00:00,-0.004930306
2025-11-09 14:00:00,-0.60601866
2025-11-09 15:00:00,-1.1537997
2025-11-09 16:00:00,-1.4415202
2025-11-09 17:00:00,-1.1367521
2025-11-09 18:00:00,-0.16956045
2025-11-09 19:00:00,0.60843664
2025-11-09 20:00:00,1.2142379
2025-11-09 21:00:00,1.6068177
2025-11-09 22:00:00,1.7710912
2025-11-09 23:00:00,1.6245266
2025-11-10 00:00:00,1.1676505
2025-11-10 01:00:00,0.54785186
2025-11-10 02:00:00,-0.06793618
2025-11-10 03:00:00,-0.70563287
2025-11-10 04:00:00,-1.210914
2025-11-10 05:00:00,-1.450806
2025-11-10 06:00:00,-1.0693685
2025-11-10 07:00:00,-0.3005262
2025-11-10 08:00:00,0.33205023
2025-11-10 09:00:00,0.77426124
2025-11-10 10:00:00,1.0592225
2025-11-10 11:00:00,1.1438811
2025-11-10 12:00:00,0.9319048
2025-11-10 13:00:00,0.49153155
2025-11-10 14:00:00,-0.025182227
2025-11-10 15:00:00,-0.5697537
2025-11-10 16:00:00,-1.0562474
2025-11-10 17:00:00,-1.2971904
2025-11-10 18:00:00,-0.9613297
2025-11-10 19:00:00,-0.17982294
2025-11-10 20:00:00,0.51232874
2025-11-10 21:00:00,1.0042284
2025-11-10 22:00:00,1.3700849
2025-11-10 23:00:00,1.52042
2025-11-11 00:00:00,1.3813902
2025-11-11 01:00:00,0.9664929
2025-11-11 02:00:00,0.39305824
2025-11-11 03:00:00,-0.17979974
2025-11-11 04:00:00,-0.7348482
2025-11-11 05:00:00,-1.1859016
2025-11-11 06:00:00,-1.3794475
2025-11-11 07:00:00,-1.0699375
2025-11-11 08:00:00,-0.3948701
2025-11-11 09:00:00,0.17321588
2025-11-11 10:00:00,0.6063875
2025-11-11 11:00:00,0.881306
2025-11-11 12:00:00,1.0003167
2025-11-11 13:00:00,0.86951005
2025-11-11 14:00:00,0.4995284
2025-11-11 15:00:00,0.028092839
2025-11-11 16:00:00,-0.4361586
2025-11-11 17:00:00,-0.8844588
2025-11-11 18:00:00,-1.1005117
2025-11-11 19:00:00,-0.87436914
2025-11-11 20:00:00,-0.2975101
2025-11-11 21:00:00,0.29779845
2025-11-11 22:00:00,0.74241894
2025-11-11 23:00:00,1.0899888
2025-11-12 00:00:00,1.2543018
2025-11-12 01:00:00,1.1871146
2025-11-12 02:00:00,0.86403304
2025-11-12 03:00:00,0.37266248
2025-11-12 04:00:00,-0.16731754
2025-11-12 05:00:00,-0.64637375
2025-11-12 06:00:00,-1.0903012
2025-11-12 07:00:00,-1.2881017
2025-11-12 08:00:00,-1.1083729
2025-11-12 09:00:00,-0.55135953
2025-11-12 10:00:00,-0.024517326
2025-11-12 11:00:00,0.41200906
2025-11-12 12:00:00,0.7305446
2025-11-12 13:00:00,0.9158619
2025-11-12 14:00:00,0.8933124
2025-11-12 15:00:00,0.6302629
2025-11-12 16:00:00,0.21506038
2025-11-12 17:00:00,-0.24639189
2025-11-12 18:00:00,-0.6120652
2025-11-12 19:00:00,-0.8987788
2025-11-12 20:00:00,-0.8807109
2025-11-12 21:00:00,-0.4789372
2025-11-12 22:00:00,0.035575215
2025-11-12 23:00:00,0.49129978
2025-11-13 00:00:00,0.8189994
2025-11-13 01:00:00,1.0434338
2025-11-13 02:00:00,1.0693113
2025-11-13 03:00:00,0.84969705
2025-11-13 04:00:00,0.43242803
2025-11-13 05:00:00,-0.037652645
2025-11-13 06:00:00,-0.5273899
2025-11-13 07:00:00,-0.9610863
2025-11-13 08:00:00,-1.2159888
2025-11-13 09:00:00,-1.157448
2025-11-13 10:00:00,-0.69539154
2025-11-13 11:00:00,-0.12899375
2025-11-13 12:00:00,0.3543199
2025-11-13 13:00:00,0.70497334
2025-11-13 14:00:00,0.95236903
2025-11-13 15:00:00,1.0000638
2025-11-13 16:00:00,0.8262583
2025-11-13 17:00:00,0.45209703
2025-11-13 18:00:00,0.014311156
2025-11-13 19:00:00,-0.39856398
2025-11-13 20:00:00,-0.76895136
2025-11-13 21:00:00,-0.9112959
2025-11-13 22:00:00,-0.6832062
2025-11-13 23:00:00,-0.19760588
2025-11-14 00:00:00,0.28751647
2025-11-14 01:00:00,0.6413209
2025-11-14 02:00:00,0.9226008
2025-11-14 03:00:00,1.0357769
2025-11-14 04:00:00,0.91789705
2025-11-14 05:00:00,0.5535782
2025-11-14 06:00:00,0.08051371
